1,2,WHAT IS THE NAME OF THE HORSE-LIKE ANIMAL WITH BLACK AND WHITE STRIPES? ,ZEBRA
2,3,WHAT IS THE NAME OF THE LONG SLEEP SOME ANIMALS GO THROUGH DURING THE ENTIRE WINTER? ,HIBERNATION
3,16,WHAT IS THE NAME OF THE RUBBER OBJECT THAT IS HIT BACK AND FORTH BY HOCKEY PLAYERS? ,PUCK
4,15,WHAT IS THE NAME OF THE REMAINS OF PLANTS AND ANIMALS THAT ARE FOUND IN STONE? ,FOSSILS
5,13,WHICH PRECIOUS GEM IS RED? ,RUBY
6,25,WHAT IS THE NAME OF THE SEVERE HEADACHE THAT RETURNS PERIODICALLY AND OFTEN IS ACCOMPANIED BY NAUSEA? ,MIGRAINE
7,30,WHAT IS THE LAST NAME OF THE AUTHOR WHO WROTE “ROMEO AND JULIET”? ,SHAKESPEARE
8,9,WHAT IS THE NAME OF A DRIED GRAPE? ,RAISIN
9,1,WHAT IS THE NAME OF THE COMIC STRIP CHARACTER WHO EATS SPINACH TO INCREASE HIS STRENGTH? ,POPEYE
10,93,WHAT ANIMAL RUNS THE FASTEST? ,CHEETAH
11,33,WHAT IS THE NAME OF THE PROCESS BY WHICH PLANTS MAKE THEIR FOOD? ,PHOTOSYNTHESIS
12,19,WHAT IS THE NAME OF DOROTHY’S DOG IN “THE WIZARD OF OZ”? ,TOTO
13,7,WHAT IS THE NAME OF THE MOLTEN ROCK THAT RUNS DOWN THE SIDE OF A VOLCANO DURING AN ERUPTION? ,LAVA
14,37,WHAT WAS THE NAME OF THE SUPPOSEDLY UNSINKABLE SHIP THAT SUNK ON ITS MAIDEN VOYAGE IN 1912? ,TITANIC
15,8,WHICH SPORT USES THE TERMS “GUTTER” AND “ALLEY”? ,BOWLING
16,57,WHAT IS THE NAME OF A GIANT OCEAN WAVE CAUSED BY AN EARTHQUAKE? ,TSUNAMI
17,24,WHAT IS THE TERM FOR HITTING A VOLLEYBALL DOWN HARD INTO THE OPPONENT’S COURT? ,SPIKE
18,73,WHAT IS THE LAST NAME OF THE VILLAINOUS CAPTAIN IN THE STORY “PETER PAN”? ,HOOK
19,5,WHAT WAS THE NAME OF TARZAN’S GIRLFRIEND? ,JANE
20,4,WHAT IS THE LAST NAME OF THE BROTHERS WHO FLEW THE FIRST AIRPLANE AT KITTY HAWK? ,WRIGHT
21,17,WHAT IS THE NAME FOR A MEDICAL DOCTOR WHO SPECIALIZES IN CUTTING THE BODY? ,SURGEON
22,53,WHAT IS THE LAST NAME OF THE FIRST PERSON TO SET FOOT ON THE MOON? ,ARMSTRONG
23,6,WHAT IS THE CAPITAL OF FRANCE? ,PARIS
24,11,WHAT IS THE NAME OF THE CRIME IN WHICH A BUILDING OR PROPERTY IS PURPOSELY SET ON FIRE? ,ARSON
25,79,WHAT IS THE NAME OF THE SHORT PLEATED SKIRT WORN BY MEN IN SCOTLAND? ,KILT
26,18,WHAT IS THE NAME OF AN INABILITY TO SLEEP? ,INSOMNIA
27,26,WHAT IS THE NAME FOR A MEDICAL DOCTOR WHO SPECIALIZES IN DISEASES OF THE SKIN? ,DERMATOLOGIST
28,43,WHAT IS THE NAME OF THE LARGEST OCEAN ON EARTH? ,PACIFIC
29,22,WHAT IS THE NAME OF THE SHIP THAT CARRIED THE PILGRIMS TO AMERICA IN 1620? ,MAYFLOWER
30,41,WHAT IS THE NAME FOR A CYCLONE THAT OCCURS OVER LAND? ,TORNADO
31,10,WHICH SPORT IS ASSOCIATED WITH WIMBLEDON? ,TENNIS
32,34,WHAT IS THE NAME OF THE BIRD THAT CANNOT FLY AND IS THE LARGEST BIRD ON EARTH? ,OSTRICH
33,63,WHAT IS THE NAME OF THE ISLAND-CITY BELIEVED SINCE ANTIQUITY TO HAVE SUNK INTO THE OCEAN? ,ATLANTIS
34,88,WHAT IS THE NAME OF THE LIZARD THAT CHANGES ITS COLOR TO MATCH THE SURROUNDINGS? ,CHAMELEON
35,35,WHAT IS THE NAME OF THE THICK LAYER OF FAT ON A WHALE? ,BLUBBER
36,49,WHAT IS THE LAST NAME OF THE BASEBALL PLAYER WHO HAD THE MOST HOME RUNS IN A SINGLE SEASON PRIOR TO 1961? ,RUTH
37,59,WHAT IS THE NAME OF A YOUNG SHEEP? ,LAMB
38,65,WHAT IS THE LARGEST PLANET IN THE SOLAR SYSTEM? ,JUPITER
39,52,WHAT IS THE NAME OF THE NAVIGATION INSTRUMENT USED AT SEA TO PLOT POSITION RELATIVE TO THE MAGNETIC NORTH POLE? ,COMPASS
40,75,WHAT IS THE TERM IN GOLF REFERRING TO A SCORE OF ONE UNDER PAR ON A PARTICULAR HOLE? ,BIRDIE
41,77,WHICH GAME USES A RUBBER BALL AND LITTLE METAL PIECES? ,JACKS
42,47,WHAT IS THE NAME OF A DRIED PLUM? ,PRUNE
43,40,IN WHICH SPORT DOES A RIDER ON HORSEBACK HIT A BALL WITH HIS MALLET? ,POLO
44,78,WHAT IS THE NAME OF THE LEGENDARY ONE-EYED GIANT IN GREEK MYTHOLOGY? ,CYCLOPS
45,36,IN WHAT PARK IS “OLD FAITHFUL” LOCATED? ,YELLOWSTONE
46,51,WHAT IS THE NAME OF THE POKER HAND IN WHICH ALL OF THE CARDS ARE OF THE SAME SUIT? ,FLUSH
47,90,IN WHICH SPORT IS THE STANLEY CUP AWARDED? ,HOCKEY
48,89,WHAT IS THE NAME OF THE CHAPEL WHOSE CEILING WAS PAINTED BY MICHELANGELO? ,SISTINE
49,241,OF WHICH COUNTRY IS BAGHDAD THE CAPITAL? ,IRAQ
50,76,WHAT IS THE NAME OF THE LIQUID PORTION OF WHOLE BLOOD? ,PLASMA
51,55,WHAT IS THE NAME OF THE CITY IN ITALY THAT IS KNOWN FOR ITS CANALS? ,VENICE
52,21,WHAT IS THE NAME OF THE SPEAR LIKE OBJECT THAT IS THROWN DURING A TRACK MEET? ,JAVELIN
53,23,WHAT IS THE LAST NAME OF THE MAN WHO RODE HORSEBACK IN 1775 TO WARN THAT THE BRITISH WERE COMING? ,REVERE
54,32,WHO WAS THE EGYPTIAN QUEEN WHO JOINED FORCES WITH MARK ANTONY OF ROME? ,CLEOPATRA
55,67,WHAT IS THE LAST NAME OF THE MAN WHO ASSASSINATED ABRAHAM LINCOLN? ,BOOTH
56,20,WHAT IS THE LAST NAME OF THE MAN WHO SHOWED THAT LIGHTNING IS ELECTRIC? ,FRANKLIN
57,28,WHAT IS THE LAST NAME OF THE FAMOUS MAGICIAN AND ESCAPE ARTIST WHO DIED OF APPENDICITIS? ,HOUDINI
58,83,WHAT IS THE NAME OF DEER MEAT? ,VENISON
59,45,WHAT IS THE NAME OF THE LARGE HAIRY SPIDER THAT LIVES NEAR BANANAS? ,TARANTULA
60,82,WHAT IS THE NAME OF THE OCEAN THAT IS LOCATED BETWEEN AFRICA AND AUSTRALIA? ,INDIAN
61,27,WHAT IS THE LAST NAME OF THE SINGER WHO RECORDED “HEARTBREAK HOTEL” AND “ALL SHOOK UP”? ,PRESLEY
62,81,WHAT IS THE NAME OF THE CRIME IN WHICH A PERSON PURPOSELY BETRAYS HIS COUNTRY? ,TREASON
63,109,WHAT IS THE NAME OF THE FIRST ARTIFICIAL SATELLITE PUT IN ORBIT BY RUSSIA IN 1957? ,SPUTNIK
64,127,WHAT BRAND OF CIGARETTE WAS FIRST TO HAVE THE FLIP-TOP BOX? ,MARLBORO
65,29,WHAT KIND OF METAL IS ASSOCIATED WITH A 50TH WEDDING ANNIVERSARY? ,GOLD
66,39,WHICH TYPE OF SNAKE DO ASIAN SNAKE-CHARMERS USE? ,COBRA
67,42,WHAT IS THE ONLY LIQUID METAL AT ROOM TEMPERATURE? ,MERCURY
68,56,WHAT IS THE NAME OF THE DESERT PEOPLE WHO WANDER INSTEAD OF LIVING IN ONE PLACE? ,NOMADS
69,121,WHAT IS THE CAPITAL OF NEW YORK? ,ALBANY
70,101,WHAT IS THE NAME OF THE ORGAN THAT PRODUCES INSULIN? ,PANCREAS
71,140,WHAT IS THE NAME OF THE COLLAR BONE? ,CLAVICLE
72,104,WHAT IS THE NAME OF THE EXTINCT REPTILES KNOWN AS “TERRIBLE LIZARDS”? ,DINOSAURS
73,54,WHAT IS THE CAPITAL OF RUSSIA? ,MOSCOW
74,62,WHICH BREED OF CAT HAS BLUE EYES? ,SIAMESE
75,102,WHAT IS THE LAST NAME OF THE SECOND U.S. PRESIDENT? ,ADAMS
76,152,WHAT IS THE NAME OF THE CONSTELLATION THAT LOOKS LIKE A FLYING HORSE? ,PEGASUS
77,106,WHAT IS THE NAME OF THE KIND OF CAT THAT SPOKE TO ALICE IN THE STORY “ALICE’S ADVENTURES IN WONDERLAND”? ,CHESHIRE
78,64,WHAT IS THE LAST NAME OF THE MAN WHO PROPOSED THE THEORY OF RELATIVITY? ,EINSTEIN
79,58,WHAT WAS THE LAST NAME OF THE WOMAN WHO SUPPOSEDLY DESIGNED AND SEWED THE FIRST AMERICAN FLAG? ,ROSS
80,124,WHAT IS THE LAST NAME OF THE FIRST SIGNER OF THE “DECLARATION OF INDEPENDENCE”? ,HANCOCK
81,187,WHAT WAS THE NAME OF KING ARTHUR’S SWORD? ,EXCALIBUR
82,61,WHAT IS THE WORD THAT MEANS A NAUTICAL MILE PER HOUR? ,KNOT
83,70,WHAT IS THE NAME FOR THE ASTRONOMICAL BODIES THAT ENTER THE EARTH’S ATMOSPHERE? ,METEORS
84,87,WHAT IS THE LONGEST RIVER IN SOUTH AMERICA? ,AMAZON
85,86,WHAT IS THE NAME OF THE AUTOMOBILE INSTRUMENT THAT MEASURES MILEAGE? ,ODOMETER
86,145,WHAT ITALIAN CITY WAS DESTROYED WHEN MOUNT VESUVIUS ERUPTED IN 79 A.D.? ,POMPEII
87,115,WHAT IS THE LAST NAME OF BATMAN’S SECRET IDENTITY IN THE BATMAN COMICS? ,WAYNE
88,66,WHAT IS THE LAST NAME OF THE MYTHICAL GIANT LUMBERJACK? ,BUNYAN
89,199,WHAT IS THE NAME OF THE COMPANY THAT PRODUCES “BABY RUTH” CANDY BARS? ,NESTLE
90,103,WHAT IS THE NAME OF SOCRATES’ MOST FAMOUS STUDENT? ,PLATO
91,111,WHAT IS THE NAME OF THE THREE-LEAF CLOVER THAT IS THE EMBLEM OF IRELAND? ,SHAMROCK
92,110,OF WHICH COUNTRY IS BUENOS AIRES THE CAPITAL? ,ARGENTINA
93,60,WHAT IS THE LAST NAME OF THE ACTRESS WHO RECEIVED THE BEST ACTRESS AWARD FOR THE MOVIE “MARY POPPINS”? ,ANDREWS
94,126,WHAT IS THE NAME OF THE MOUNTAIN RANGE IN WHICH MOUNT EVEREST IS LOCATED? ,HIMALAYAS
95,80,WHAT IS THE UNIT OF SOUND INTENSITY? ,DECIBEL
96,207,WHAT IS THE NAME OF THE PROJECT WHICH DEVELOPED THE ATOMIC BOMB DURING WORLD WAR II? ,MANHATTAN
97,99,WHAT IS THE UNIT OF ELECTRICAL POWER THAT REFERS TO A CURRENT OF ONE AMPERE AT ONE VOLT? ,WATT
98,132,WHAT IS THE LAST NAME OF THE AUTHOR OF THE BOOK “1984”? ,ORWELL
99,69,IN WHICH GAME ARE MEN CROWNED? ,CHECKERS
100,97,WHAT IS THE LAST NAME OF THE MAN WHO ASSASSINATED PRESIDENT JOHN F. KENNEDY? ,OSWALD
101,137,WHAT IS THE NAME OF BATMAN’S BUTLER? ,ALFRED
102,117,WHICH COUNTRY WAS THE FIRST TO USE GUNPOWDER? ,CHINA
103,14,WHAT IS THE NAME OF AN AIRPLANE WITHOUT AN ENGINE? ,GLIDER
104,178,WHAT IS THE NAME OF THE NORTH STAR? ,POLARIS
105,159,WHAT IS THE ONLY WORD THAT THE RAVEN SAYS IN EDGAR ALLEN POE’S POEM “THE RAVEN”? ,NEVERMORE
106,46,FOR WHICH COUNTRY IS THE YEN THE MONETARY UNIT? ,JAPAN
107,139,IN WHAT EUROPEAN CITY IS THE PARTHENON LOCATED? ,ATHENS
108,113,WHAT IS THE NAME OF THE FURRY ANIMAL THAT ATTACKS COBRA SNAKES? ,MONGOOSE
109,166,FOR WHICH COUNTRY IS THE RUPEE THE MONETARY UNIT? ,INDIA
110,154,WHAT IS THE LAST NAME OF THE MAN WHO FIRST STUDIED GENETIC INHERITANCE IN PLANTS? ,MENDEL
111,107,WHAT IS THE LAST NAME OF THE MAN WHO WROTE THE “STAR SPANGLED BANNER”? ,KEY
112,112,WHAT IS THE NAME OF THE PALACE IN LONDON IN WHICH THE MONARCH OF ENGLAND RESIDES? ,BUCKINGHAM
113,125,IN WHICH GAME ARE THE STANDARD PIECES OF STAUNTON DESIGN? ,CHESS
114,206,WHAT ARE PEOPLE WHO MAKE MAPS CALLED? ,CARTOGRAPHERS
115,94,WHAT WAS THE NAME OF THE ZEPPELIN THAT EXPLODED IN LAKEHURST N.J. IN 1937? ,HINDENBURG
116,167,WHAT IS THE PALACE BUILT IN FRANCE BY KING LOUIS XIV? ,VERSAILLES
117,114,IN WHICH CITY IS THE U.S. NAVAL ACADEMY LOCATED? ,ANNAPOLIS
118,72,WHAT IS THE NAME OF THE LIGHTEST WOOD KNOWN? ,BALSA
119,31,WHAT IS THE LAST NAME OF THE BOXER WHO LATER BECAME KNOWN AS MUHAMMAD ALI? ,CLAY
120,119,WHAT ISLAND IS THE LARGEST IN THE WORLD EXCLUDING AUSTRALIA? ,GREENLAND
121,71,WHAT IS THE NAME OF THE SMALL JAPANESE STOVE USED FOR OUTDOOR COOKING? ,HIBACHI
122,105,WHAT IS THE LAST NAME OF THE WOMAN WHO BEGAN THE PROFESSION OF NURSING? ,NIGHTINGALE
123,175,WHO WAS THE LEADER OF THE ARGONAUTS? ,JASON
124,214,WHAT IS THE LAST NAME OF THE ARTIST WHO PAINTED “GUERNICA”? ,PICASSO
125,177,IN WHAT ANCIENT CITY WERE THE “HANGING GARDENS” LOCATED? ,BABYLON
126,200,WHAT ARE PEOPLE CALLED WHO EXPLORE CAVES? ,SPELUNKERS
127,168,WHAT IS THE NAME OF THE CAPTAIN OF THE PEQUOD IN THE BOOK “MOBY DICK”? ,AHAB
128,258,WHAT IS THE CAPITAL OF KENTUCKY? ,FRANKFORT
129,85,WHAT IS THE NAME OF AN ILLEGAL MOVE BY A BASEBALL PITCHER THAT RESULTS IN ALL RUNNERS ADVANCING ONE BASE? ,BALK
130,129,WHAT IS THE LAST NAME OF THE AMERICAN WHO STARRED IN THE 1936 OLYMPICS? ,OWENS
131,174,THE DEEPEST PART OF THE OCEAN IS LOCATED AT WHICH TRENCH? ,MARIANA
132,169,WHICH SPORT USES THE TERMS “STONES” AND “BROOMS”? ,CURLING
133,182,WHAT IS THE PROPER NAME FOR A BADMINTON BIRD? ,SHUTTLECOCK
134,128,WHAT IS THE LAST NAME OF THE AUTHOR WHO WROTE “OLIVER TWIST”? ,DICKENS
135,196,WHAT IS THE CAPITAL OF DELAWARE? ,DOVER
136,120,WHAT IS THE LAST NAME OF THE MAN WHO INVENTED THE PHONOGRAPH? ,EDISON
137,48,IN WHICH TYPE OF SKI RACE DOES THE DOWNHILL SKIER MAKE SHARP TURNS AROUND POLES? ,SLALOM
138,153,IN WHICH CITY IS HEATHROW AIRPORT LOCATED? ,LONDON
139,235,WHAT IS THE CAPITAL OF JAMAICA? ,KINGSTON
140,44,WHICH PLANET WAS THE LAST TO BE DISCOVERED? ,NEPTUNE
141,185,WHAT IS THE LAST NAME OF THE AUTHOR WHO WROTE “THE MURDERS IN THE RUE MORGUE”? ,POE
142,205,WHAT IS THE NAME OF THE SHIP ON WHICH CHARLES DARWIN MADE HIS SCIENTIFIC VOYAGE? ,BEAGLE
143,213,WHAT IS THE CAPITAL OF CHILE? ,SANTIAGO
144,100,WHAT IS THE LAST NAME OF THE AUTHOR WHO WROTE “THE OLD MAN AND THE SEA”? ,HEMINGWAY
145,147,WHAT IS THE LAST NAME OF THE MAN WHO WROTE “CANTERBURY TALES”? ,CHAUCER
146,262,WHAT IS THE NAME OF THE FOUNTAIN IN ROME INTO WHICH COINS ARE THROWN FOR GOOD LUCK? ,TREVI
147,162,WHAT WAS THE LAST NAME OF THE MAN WHO WAS PRESIDENT DIRECTLY AFTER JAMES MADISON? ,MONROE
148,143,WHAT IS THE LAST NAME OF THE ASTRONOMER WHO PUBLISHED IN 1543 HIS THEORY THAT THE EARTH REVOLVES AROUND THE SUN? ,COPERNICUS
149,242,WHAT IS THE LAST NAME OF THE CRIMINAL WHO WAS KNOWN AS “SCARFACE”? ,CAPONE
150,12,WHAT IS THE NAME OF THE LONE RANGER’S INDIAN SIDEKICK? ,TONTO
151,170,WHAT IS THE CAPITAL OF DENMARK? ,COPENHAGEN
152,96,WHAT WAS THE LAST NAME OF THE MAN WHO WAS THE RADIO BROADCASTER FOR THE “WAR OF THE WORLDS”? ,WELLES
153,203,IN WHICH CITY IS MICHELANGELO’S STATUE OF DAVID LOCATED? ,FLORENCE
154,146,WHAT WAS FRANK LLOYD WRIGHT’S PROFESSION? ,ARCHITECT
155,135,OF WHICH COUNTRY IS NAIROBI THE CAPITAL? ,KENYA
156,134,WHAT IS THE NAME OF THE HILLBILLY FAMILY THAT HAD A FAMOUS FEUD WITH THE MCCOY FAMILY? ,HATFIELD
157,156,WHAT KIND OF POISON DID SOCRATES TAKE AS HIS EXECUTION? ,HEMLOCK
158,74,WHAT IS THE LAST NAME OF THE FIRST PERSON TO COMPLETE A SOLO FLIGHT ACROSS THE ATLANTIC OCEAN? ,LINDBERGH
159,38,ANDY GRIFFITH WAS THE SHERIFF OF WHAT TOWN ON TELEVISION’S “ANDY GRIFFITH SHOW”? ,MAYBERRY
160,142,WHAT IS THE NAME OF THE ROMAN EMPEROR WHO FIDDLED WHILE ROME BURNED? ,NERO
161,231,WHAT IS THE CITY IN WHICH THE BASEBALL HALL OF FAME IS LOCATED? ,COOPERSTOWN
162,98,WHAT IS THE NAME OF THE UNIT OF MEASURE THAT REFERS TO A SIX-FOOT DEPTH OF WATER? ,FATHOM
163,108,WHAT IS THE LAST NAME OF THE SCIENTIST WHO DISCOVERED RADIUM? ,CURIE
164,149,WHAT IS THE LAST NAME OF THE AUTHOR WHO WROTE “BRAVE NEW WORLD”? ,HUXLEY
165,164,IN ADDITION TO THE KENTUCKY DERBY AND THE BELMONT STAKES WHAT HORSE RACE COMPRISES THE TRIPLE CROWN? ,PREAKNESS
166,204,WHAT IS THE LAST NAME OF THE CRIMINAL WHO WAS KILLED BY FBI AGENTS OUTSIDE OF A CHICAGO MOVIE THEATER? ,DILLINGER
167,95,WHAT IS THE NAME OF THE SINGER WHO POPULARIZED A DANCE KNOWN AS THE “TWIST”? ,CHECKER
168,221,OVER WHICH RIVER IS THE GEORGE WASHINGTON BRIDGE? ,HUDSON
169,189,WHAT IS THE LAST NAME OF THE MAN WHO INVENTED DYNAMITE? ,NOBEL
170,228,WHAT IS THE NAME OF THE CHINESE RELIGION FOUNDED BY LAO TSE? ,TAOISM
171,84,WHAT IS THE LAST NAME OF THE COMMANDER WHO LOST THE BATTLE OF THE LITTLE BIGHORN RIVER? ,CUSTER
172,155,WHAT IS THE NAME OF THE NAVIGATION INSTRUMENT USED AT SEA TO PLOT POSITION BY THE STARS? ,SEXTANT
173,161,WHO WAS THE MOST FAMOUS GREEK DOCTOR? ,HIPPOCRATES
174,165,IN WHICH CITY DOES THE COTTON BOWL TAKE PLACE? ,DALLAS
175,192,WHAT IS THE LAST NAME OF THE AUTHOR WHO WROTE THE SHERLOCK HOLMES STORIES? ,DOYLE
176,225,FOR WHICH COUNTRY IS THE DRACHMA THE MONETARY UNIT? ,GREECE
177,148,WHAT IS THE NAME OF THE MANSION IN VIRGINIA THAT WAS THOMAS JEFFERSON’S HOME? ,MONTICELLO
178,236,WHAT IS THE LONGEST RIVER IN ASIA? ,YANGTZE
179,183,WHAT IS THE LAST NAME OF THE ACTOR WHO RECEIVED THE BEST ACTOR AWARD FOR THE MOVIE “ON THE WATERFRONT”? ,BRANDO
180,91,WHAT IS THE LAST NAME OF THE MALE STAR OF THE MOVIE “CASABLANCA”? ,BOGART
181,150,OF WHICH COUNTRY IS BUDAPEST THE CAPITAL? ,HUNGARY
182,191,WHO IS KNOWN AS “THE FATHER OF GEOMETRY”? ,EUCLID
183,193,WHAT IS THE LAST NAME OF THE HUSBAND-WIFE SPIES WHO WERE ELECTROCUTED IN 1951 FOR PASSING ATOMIC SECRETS TO RUSSIA? ,ROSENBERG
184,261,WHAT IS THE LAST NAME OF THE COMPOSER WHO WROTE THE OPERA “DON GIOVANNI”? ,MOZART
185,190,WHAT IS THE LAST NAME OF THE AUTHOR OF THE JAMES BOND NOVELS? ,FLEMING
186,122,WHAT WAS THE LAST NAME OF BUFFALO BILL? ,CODY
187,136,WHAT IS THE LAST NAME OF THE AUTHOR WHO WROTE UNDER THE PSEUDONYM OF MARK TWAIN? ,CLEMENS
188,233,WHAT IS THE NAME OF THE ISLAND ON WHICH NAPOLEON WAS BORN? ,CORSICA
189,157,WHAT IS THE LAST NAME OF THE DOCTOR WHO FIRST DEVELOPED A VACCINE AGAINST POLIO? ,SALK
190,181,WHAT IS THE LAST NAME OF THE MAN WHO BEGAN THE REFORMATION IN GERMANY? ,LUTHER
191,211,WHAT IS THE CAPITAL OF FINLAND? ,HELSINKI
192,188,WHAT WAS THE NAME OF THE APOLLO LUNAR MODULE THAT LANDED THE FIRST MAN ON THE MOON? ,EAGLE
193,264,WHAT IS THE LAST NAME OF THE COSMONAUT WHO WAS THE FIRST PERSON TO ORBIT AROUND THE EARTH? ,GAGARIN
194,243,WHAT WAS THE NAME OF ROY ROGER’S DOG? ,BULLET
195,171,WHAT WAS THE NAME OF ALEXANDER GRAHAM BELL’S ASSISTANT? ,WATSON
196,176,WHAT WAS THE LAST NAME OF THE COMPOSER OF THE “MAPLE LEAF RAG”? ,JOPLIN
197,216,WHAT IS THE LAST NAME OF THE PLAYWRIGHT WHO WROTE “A STREETCAR NAMED DESIRE”? ,WILLIAMS
198,158,WHAT IS THE LAST NAME OF THE AUTHOR OF “LITTLE WOMEN”? ,ALCOTT
199,209,WHAT IS THE LAST NAME OF THE FIRST PERSON TO CLIMB MOUNT EVEREST? ,HILLARY
200,68,WHAT IS THE LAST NAME OF THE ACTOR WHO PLAYED RHETT BUTLER IN “GONE WITH THE WIND”? ,GABLE
201,254,IN WHICH COUNTRY IS ANGEL FALLS LOCATED? ,VENEZUELA
202,218,WHAT IS THE CAPITAL OF CANADA? ,OTTAWA
203,286,WHAT IS THE LAST NAME OF THE TWENTY-FIRST U.S. PRESIDENT? ,ARTHUR
204,274,WHAT WAS THE NAME OF THE GOLDFISH IN THE STORY OF PINOCCHIO? ,CLEO
205,282,WHAT IS THE NAME OF THE VILLAINOUS PEOPLE WHO LIVED UNDERGROUND IN H. G. WELLS’S BOOK “THE TIME MACHINE”? ,MORLOCKS
206,224,WHAT WAS THE LAST NAME OF THE CHARACTER PORTRAYED BY ROBERT STACK ON THE TELEVISION SHOW “THE UNTOUCHABLES”? ,NESS
207,284,WHAT IS THE CAPITAL OF AUSTRALIA? ,CANBERRA
208,259,WHAT IS THE LAST NAME OF THE ARTIST WHO PAINTED “THE PERSISTENCE OF MEMORY”? ,DALI
209,144,WHAT IS THE LAST NAME OF THE MAN WHO INVENTED THE TELEGRAPH? ,MORSE
210,160,WHAT IS THE NAME OF THE RIVER ON WHICH BONN IS LOCATED? ,RHINE
211,247,WHAT IS THE NAME OF THE SUBSTANCE DERIVED FROM A WHALE THAT IS USED TO MAKE PERFUME? ,AMBERGRIS
212,133,"WHAT IS THE NAME OF THE SUBMARINE IN JULES VERNE’S “20,000 LEAGUES BENEATH THE SEA”? ",NAUTILUS
213,223,WHAT WAS THE NAME OF THE CLOWN ON THE “HOWDY DOODY” TELEVISION SHOW? ,CLARABELL
214,226,WHAT IS THE LAST NAME OF DAGWOOD’S BOSS IN THE COMIC STRIP “BLONDIE”? ,DITHERS
215,184,WHAT IS THE LAST NAME OF THE MOVIE ACTOR WHO PORTRAYED SPARTACUS? ,DOUGLAS
216,230,WHAT IS THE LAST NAME OF THE WOMAN WHO FOUNDED THE AMERICAN RED CROSS? ,BARTON
217,292,WHAT IS THE LAST NAME OF THE UNION GENERAL WHO DEFEATED THE CONFEDERATE ARMY AT THE CIVIL WAR BATTLE OF GETTYSBURG? ,MEADE
218,198,WHAT IS THE NAME OF THE AVENUE THAT IMMEDIATELY FOLLOWS ATLANTIC AVENUE IN THE GAME OF MONOPOLY? ,VENTNOR
219,92,WHICH GAME USES A DOUBLING CUBE? ,BACKGAMMON
220,296,WHAT IS THE LAST NAME OF THE MAN WHO SUPPOSEDLY KILLED JESSE JAMES? ,FORD
221,245,WHAT IS THE LAST NAME OF THE EUROPEAN AUTHOR WHO WROTE “THE TRIAL”? ,KAFKA
222,255,THE GENERAL NAMED HANNIBAL WAS FROM WHAT CITY? ,CARTHAGE
223,237,WHAT IS THE LAST NAME OF THE BRITISH ADMIRAL WHO WON THE BATTLE OF TRAFALGAR? ,NELSON
224,265,WHAT IS THE NAME OF THE INDIAN COLLEGE IN PENNSYLVANIA FOR WHICH JIM THORPE PLAYED FOOTBALL? ,CARLISLE
225,273,WHAT IS THE NAME OF THE PLAY IN WHICH ELWOOD P. DOWD IS A CHARACTER? ,HARVEY
226,251,WHAT FAMOUS KNOT DID ALEXANDER THE GREAT UNDO? ,GORDIAN
227,131,WHAT WAS THE NAME OF THE UNSUCCESSFUL AUTO THAT WAS MANUFACTURED BY THE FORD MOTOR COMPANY FROM 1957–1959? ,EDSEL
228,293,WHAT IS THE LAST NAME OF THE SONG WRITER WHO WROTE THE SONG “I LOVE PARIS”? ,PORTER
229,297,WHAT IS THE LAST NAME OF THE FIRST AMERICAN AUTHOR TO WIN THE NOBEL PRIZE FOR LITERATURE? ,LEWIS
230,219,WHAT IS THE LAST NAME OF THE INVENTOR OF THE WIRELESS RADIO? ,MARCONI
231,267,WHAT IS THE LAST NAME OF THE ARTIST WHO PAINTED “AMERICAN GOTHIC”? ,WOOD
232,195,IN WHAT PROFESSION WAS EMMETT KELLY? ,CLOWN
233,249,WHAT IS THE NAME OF THE RIVER THAT RUNS THROUGH ROME? ,TIBER
234,285,WHAT IS THE LAST NAME OF THE POET WHO ORIGINALLY WROTE “DON JUAN”? ,BYRON
235,210,WHAT IS THE LAST NAME OF THE FRENCH AUTHOR WHO WROTE “THE STRANGER”? ,CAMUS
236,250,WHO WAS THE FIRST RULER OF THE HOLY ROMAN EMPIRE? ,CHARLEMAGNE
237,276,WHAT IS THE LAST NAME OF THE MAN WHO IS REGARDED AS THE NATIONAL POET OF SCOTLAND? ,BURNS
238,202,WHAT IS THE LAST NAME OF THE FOOTBALL PLAYER KNOWN AS “THE GALLOPING GHOST”? ,GRANGE
239,118,WHAT IS THE NAME OF ROY ROGERS’ HORSE? ,TRIGGER
240,288,WHAT WAS THE NAME OF THE NUCLEAR SUBMARINE THAT SUNK IN THE ATLANTIC IN 1963? ,THRESHER
241,248,WHAT IS THE NAME OF THE MAN WHO REMOVED THE THORN FROM THE LION’S PAW IN THE STORY FROM AESOP’S FABLES? ,ANDROCLES
242,232,WHAT IS THE NAME OF THE BRIGHTEST STAR IN THE SKY EXCLUDING THE SUN? ,SIRIUS
243,290,WHAT IS THE NAME OF THE LAND OF THE GIANTS IN “GULLIVER’S TRAVELS”? ,BROBDINGNAG
244,220,WHAT WAS THE LAST NAME OF THE FEMALE STAR OF THE MOVIE “CASABLANCA”? ,BERGMAN
245,238,WHAT IS THE LAST NAME OF THE ACTOR KNOWN AS “THE MAN OF A THOUSAND FACES”? ,CHANEY
246,194,WHAT IS THE NAME OF THE BASEBALL PLAYER WITH THE HIGHEST LIFETIME BATTING AVERAGE IN THE MAJOR LEAGUES? ,COBB
247,116,WHAT WAS THE LAST NAME OF THE ACTOR IN THE ROLE OF PERRY MASON ON TELEVISION? ,BURR
248,212,WHAT IS THE LAST NAME OF THE MOST POPULAR PIN-UP GIRL OF WORLD WAR II? ,GRABLE
249,50,WHAT IS THE NAME OF THE LARGEST DESERT ON EARTH? ,ANTARTICA
250,123,WHAT IS THE LAST NAME OF THE JOCKEY WITH THE MOST LIFETIME WINNERS IN HORSE RACING? ,BAZE
251,130,WHAT IS THE LAST NAME OF THE MAN WHO WAS THE VOICE OF MR. MAGOO? ,BACKUS
252,138,WHAT IS THE LAST NAME OF THE ACTOR WHO PORTRAYED SERGEANT FRIDAY ON “DRAGNET”? ,WEBB
253,141,WHAT WAS THE LAST NAME OF THE ACTOR WHO PORTRAYED THE FATHER ON THE TELEVISION SHOW “FATHER KNOWS BEST”? ,YOUNG
254,151,WHAT WAS THE LAST NAME OF THE VENTRILOQUIST WHO PROVIDED THE VOICE FOR CHARLIE MCCARTHY? ,BERGEN
255,163,WHAT WAS THE LAST NAME OF THE CAPTAIN OF THE BRITISH SHIP “BOUNTY” WHEN THE MUTINY OCCURRED? ,BLIGH
256,172,WHAT IS THE LAST NAME OF THE INVENTOR OF THE STEAMBOAT “CLERMONT”? ,FULTON
257,173,WHAT IS THE NAME OF GERMANY’S LARGEST BATTLESHIP THAT WAS SUNK IN WORLD WAR II? ,BISMARCK
258,179,WHAT IS THE LAST NAME OF THE JUDGE WHO WAS KNOWN AS “THE LAW WEST OF THE PECOS”? ,BEAN
259,180,WHAT IS JOHN KENNETH GALBRAITH’S PROFESSION? ,ECONOMIST
260,186,WHAT WAS THE NAME OF THE UNION IRONCLAD SHIP THAT FOUGHT THE CONFEDERATE IRONCLAD MERRIMACK? ,MONITOR
261,197,WHAT IS THE LAST NAME OF THE DOCTOR WHO PERFORMED THE FIRST SUCCESSFUL HUMAN HEART TRANSPLANT? ,BARNARD
262,208,WHAT IS THE LAST NAME OF THE MAN WHO SAID “I ONLY REGRET THAT I HAVE BUT ONE LIFE TO LOSE FOR MY COUNTRY”? ,HALE
263,215,WHAT IS THE LAST NAME OF THE PILOT OF THE U-2 SPY PLANE SHOT DOWN OVER RUSSIA IN 1960? ,POWERS
264,217,WHAT IS THE LAST NAME OF THE ACTOR WHO PORTRAYED THE SHERIFF IN THE MOVIE “HIGH NOON”? ,COOPER
265,222,WHAT IS THE NAME OF THE MOUNTAIN RANGE THAT SEPARATES ASIA FROM EUROPE? ,URAL
266,227,WHAT IS THE LAST NAME OF THE BOXER WHO WAS KNOWN AS THE “MANASSA MAULER”? ,DEMPSEY
267,229,WHAT IS THE LAST NAME OF THE MAN WHO CREATED THE COMIC STRIP “LI’L ABNER”? ,CAPP
268,234,WHAT IS THE LAST NAME OF THE BASEBALL PLAYER WHO PITCHED A PERFECT GAME IN THE 1956 WORLD SERIES? ,LARSEN
269,239,WHAT IS THE LAST NAME OF THE FIRST MAN TO RUN THE MILE IN UNDER FOUR MINUTES? ,BANNISTER
270,240,WHAT IS THE LAST NAME OF THE AUTHOR WHO WROTE “BROTHERS KARAMAZOV”? ,DOSTOYEVSKI
271,244,WHAT IS THE NAME OF THE AUTHOR WHO RECEIVED A PULITZER PRIZE FOR HIS WRITINGS ABOUT ABRAHAM LINCOLN? ,SANDBURG
272,246,WHAT IS THE LAST NAME OF THE MAN WHO CREATED THE COMIC STRIP “WOODY WOODPECKER”? ,LANTZ
273,252,WHAT IS THE NAME OF THE INSTRUMENT USED TO MEASURE WIND SPEED? ,ANEMOMETER
274,253,WHAT IS THE LAST NAME OF THE AUTHOR OF “OUR TOWN”? ,WILDER
275,256,WHAT IS THE LAST NAME OF THE SINGER WHO MADE A HIT RECORDING OF THE SONG “WHO’S SORRY NOW”? ,FRANCIS
276,257,WHAT IS THE LAST NAME OF THE CUBAN LEADER THAT CASTRO OVERTHREW? ,BATISTA
277,260,WHAT IS THE NAME OF THE RUBBER ROLLER ON A TYPEWRITER? ,PLATEN
278,263,WHAT WAS THE NAME OF THE LARGEST CONFEDERATE MILITARY PRISON DURING THE CIVIL WAR? ,ANDERSONVILLE
279,266,WHAT IS THE LAST NAME OF THE AUTHOR OF “THE AGONY AND THE ECSTASY”? ,STONE
280,268,WHAT IS THE LAST NAME OF FLASH’S GIRLFRIEND IN THE COMIC STRIP “FLASH GORDON”? ,ARDEN
281,269,WHAT IS THE NAME OF THE FIRST MOVIE TO RECEIVE THE ACADEMY AWARD FOR BEST PICTURE? ,WINGS
282,270,WHAT IS THE LAST NAME OF THE DISCOVERER OF THE VACCINATION FOR SMALLPOX? ,JENNER
283,271,WHAT IS THE LAST NAME OF THE BOY IN THE BOOK “TREASURE ISLAND”? ,HAWKINS
284,272,WHAT IS THE LAST NAME OF THE BOXER WHO WON THE BOXING TITLE FROM JOHN L. SULLIVAN? ,CORBETT
285,275,WHAT IS THE LAST NAME OF THE MAN WHO WROTE THE SONG “HOW DEEP IS THE OCEAN”? ,BERLIN
286,277,WHAT WAS THE LAST NAME OF BILLY THE KID? ,BONNEY
287,278,WHAT IS THE LAST NAME OF THE SINGER WHOSE THEME SONG WAS “WHEN THE BLUE OF THE NIGHT MEETS THE GOLD OF THE DAY”? ,CROSBY
288,279,FROM WHAT MUSICAL IS THE SONG “BAUBLES BANGLES AND BEADS”? ,KISMET
289,280,WHAT WAS THE LAST NAME OF THE ACTOR WHO PORTRAYED DR. WATSON IN THE SHERLOCK HOLMES SERIES? ,BRUCE
290,281,WHAT IS THE LAST NAME OF THE MAN WHO WAS MOST RESPONSIBLE FOR PHOTOGRAPHING THE U.S. CIVIL WAR? ,BRADY
291,283,WHAT IS THE NAME OF A NUMBER TWO WOOD IN GOLF? ,BRASSIE
292,287,WHAT IS THE LAST NAME OF THE POET WHO WROTE THE LINE “INTO EACH LIFE A LITTLE RAIN MUST FALL”? ,LONGFELLOW
293,289,WHAT WAS THE NAME OF GENE AUTRY’S HORSE? ,CHAMPION
294,291,WHAT IS THE NAME OF THE TOWN THROUGH WHICH LADY GODIVA SUPPOSEDLY MADE HER FAMOUS RIDE? ,COVENTRY
295,294,WHAT IS THE LAST NAME OF THE FIRST WOMAN TO SWIM ACROSS THE ENGLISH CHANNEL? ,EDERLE
296,295,WHAT IS THE LAST NAME OF THE FIRST FLIER TO FLY SOLO AROUND THE WORLD? ,POST
297,298,WHAT IS THE LAST NAME OF THE MAN WHO WROTE THE POEM “IT COULDN’T BE DONE”? ,GUEST
298,299,WHO WAS THE RACEHORSE OF THE YEAR FOR MANY SUCCESSIVE YEARS IN THE 1960S? ,KELSO
299,300,WHAT IS THE HIGHEST MOUNTAIN IN SOUTH AMERICA? ,ACONCAGUA